话题,篇号,标题,字数
低风险因子,1,【002】高风险高收益，常识or谎言？,16045
低风险因子,2,【005】“茴”字有三种写法，低风险异象因子呢？,13957
低风险因子,3,【009】您一定想了解的低风险异象,12655
低风险因子,4,【018】低风险异象靠谱吗？解释与批判,30670
低风险因子,5,【026】低 Beta 在 A 股：证券市场线是平坦的吗？,10002
低风险因子,6,【039】波动率之于公司债券：相似却又不一样,10332
低风险因子,7,【056】低风险异象新解：只怪你选错了基准,12298
低风险因子,8,【062】一起下跌的 beta 才是好 beta？,12384
低风险因子,9,【专题论文梳理】第 2 期：低风险异象专题论文集,17478
公司间关联因子,1,【052】关联度动量的秘密：分析师共同覆盖,13167
公司间关联因子,2,准另类数据与因子投资,4150
公司间关联因子,3,【082】What predicts momentum？,14786
公司间关联因子,4,【087】抄基金作业不如抄上市公司作业？——基于文本的公司间关联,11929
动量因子,1,【003】强者恒强，弱者越弱：就是这么简单靠谱,7614
动量因子,2,【004】动量？超乎您想象,13248
动量因子,3,【006】动量是如何炼成的？风险溢价 or 行为偏差,19683
动量因子,4,【007】大破动量危机：批判与拓展,12585
动量因子,5,【008】不孤独的动量：因子拼图,8955
动量因子,6,【023】止损的价值：对冲动量崩溃,8443
动量因子,7,【055】时序动量真的更好吗？,14854
动量因子,8,【专题论文梳理】横截面动量专题论文集,12858
动量因子,9,【066】动量新解与改进,7116
动量因子,10,【082】What predicts momentum？,14778
另类数据,1,【028】乌合之众 or 群众的智慧：员工评价与股票收益,10661
另类数据,2,【029】阿根廷的哭泣：大选、货币攻击与崩盘,8451
另类数据,3,【032】跳大神照样发顶刊，谁让人叫 Marx,9641
另类数据,4,【033】莫测的不确定性，却有着确定杠杠的价值,11285
另类数据,5,【042】尾部动量：极端损失与股票表现,10999
另类数据,6,【044】More on Tail Risk: 风险越大，收益越低吗？,16211
另类数据,7,【046】好波动与坏波动：方差不对称性,12175
另类数据,8,【053】油价波动与股票收益,16751
另类数据,9,【058】气候，灾难与股票收益：从 512 说起,10261
另类数据,10,【061】白天不懂夜的黑：隔夜、日内收益与异象,13885
另类数据,11,【062】一起下跌的 beta 才是好 beta？,12382
另类数据,12,准另类数据与因子投资,4142
另类数据,13,【074】那些奇奇怪怪的脑洞：从欧超联赛说起,11526
另类数据,14,【075】叮！您的行业分类需要更新啦~,12847
另类数据,15,Update: 准另类数据,2873
另类数据,16,【080】内卷时代的脑洞研究：投资者情绪研究新进展,10915
另类数据,17,【083】What is the expected return on the market?,16249
另类数据,18,【087】抄基金作业不如抄上市公司作业？——基于文本的公司间关联,11921
另类数据,19,【088】绿色溢价与价值因子失去的 10 年,14285
另类数据,20,【099】抄基金作业可以随随便便成功吗？,16647
另类数据,21,【101】新闻叙事、文本分析与资产定价,13175
另类数据,22,旧文新读|【083】What is the expected return on the market?,16895
另类数据,23,【111】气候变化与股票市场指数,10475
另类数据,24,【115】ESG评级Battle：国际机构水土不服？,5857
因子投资实践,1,【012】Alpha vs Beta：你的 alpha，大家的 beta,439
因子投资实践,2,【014】喜怒不定的市场先生，您想认识吗？,13661
因子投资实践,3,【016】Smart Beta ：已经发生的未来？,12687
因子投资实践,4,【021】黄金与铂金比价的低语：剥离不相关特征后的投资者情绪,16911
因子投资实践,5,【022】低波动异象下被忽视的金矿：高波动股票与技术分析的价值,10347
因子投资实践,6,FoF的前世今生：从资产配置到因子投资,1796
因子投资实践,7,【035】主动管理：从学术走向实践的因子投资方法论,12611
因子投资实践,8,【036】混合 or 整合：因子投资与 Smart Beta 实践,12457
因子投资实践,9,【037】资产配置与因子配置：可以团圆吗？,13108
因子投资实践,10,【057】波动率管理：Yes or No?,14553
因子投资实践,11,“因子投资”诞生记,6405
因子投资实践,12,一些历史推文,5053
因子模型检验,1,【027】追寻因子的足迹：分类、构造与检验,22173
因子模型检验,2,"【030】检验因子模型：Alpha, GRS 与 GMM",4503
因子模型检验,3,【040】Trend Factor in China ：中国版定价模型？,13840
因子模型检验,4,【047】股票收益横截面：一部历史,14307
因子模型检验,5,【049】Low Minus High 启示录,11970
因子模型检验,6,【050】对冲：获取更纯粹的 CP,15281
因子模型检验,7,【063】可复制的因子研究,9035
因子模型检验,8,【064】所见即所得吗？,10512
因子模型检验,9,因子模型简介,1474
因子模型检验,10,【094】基于回归斜率的因子溢价估计与因子模型,12627
因子模型检验,11,"【103】Options: Factors, Models, and Factor Momentum",18497
基本面因子,1,【011】巴菲特的 alpha ：价值投资之花,9193
基本面因子,2,【013】都说分红越高越好，那个男人却 say no ！,11773
基本面因子,3,【015】检测盈余操纵风险：数据挖掘哪家强？,9666
基本面因子,4,【017】基本面加权：真的超越了价值投资吗？,12107
基本面因子,5,【020】细节是魔鬼：你会如何定义 HML ？,13029
基本面因子,6,【025】历史悠久的 BM 依然优异吗？,9599
基本面因子,7,【031】投资效应：Factor War 前传,22606
基本面因子,8,【038】不止于价格动量：基本面动量也很酷,11669
基本面因子,9,【041】机器学习驱动的基本面量化投资,13196
基本面因子,10,【043】基本面动量在 A 股,9453
基本面因子,11,【045】Which Characteristics?,11036
基本面因子,12,【051】质量增长：巴菲特与贵州茅台,12787
基本面因子,13,【060】盈利与投资因子：历史分野与模式转变,16508
基本面因子,14,Notes on '【060】盈利与投资因子',9090
基金,1,【059】错误定价，分析师建议与基金投资行为,15281
基金,2,【专题论文梳理】第 3 期：基金业绩预测专题论文集,12058
基金,3,【064】所见即所得吗？,10500
基金,4,准另类数据与因子投资,4135
基金,5,【067】遗漏因子、缺失数据与多重检验,8763
基金,6,【068】基金业绩预测/分析与 FoF 管理,10199
基金,7,【069】FDR 保卫战,8840
基金,8,基金研究：常识与趋势,2823
基金,9,【071】基金星级评定、投资者反应，与风格因子,15277
基金,10,被动的“积极投资”：ETF 视角,15189
基金,11,【073】基金为何持有彩票股？你喜欢呗,9534
基金,12,【074】那些奇奇怪怪的脑洞：从欧超联赛说起,11520
基金,13,【077】Alpha or beta: 投资者眼中的基金业绩,15361
基金,14,【079】业绩评估的贝叶斯模型,11031
基金,15,【085】基金排名为什么会大起大落？,15531
基金,16,【086】欺世盗名之徒的存在价值,10916
基金,17,【089】Global Financial Cycles and Capital Flows,15348
基金,18,【090】既要募资又不泄露策略，可能实现吗？,11574
基金,19,【091】园长自己关于中国基金市场的研究,11797
基金,20,Update|基金研究：常识与趋势,2400
基金,21,【092】学术打脸系列（I）|基金规模报酬递减之争,10777
基金,22,【093】机器学习与基金研究（I）：业绩预测,9343
基金,23,【099】抄基金作业可以随随便便成功吗？,16641
基金,24,【100】园长研究|基金投资者真的不“学习”吗？,27426
基金,25,旧文重发|【086】欺世盗名之徒的存在价值,11577
基金,26,JF 基金相关文献（2022）,8992
基金,27,【102】主题型基金：主动与被动型基金有何不同？,7720
基金,28,【104】文本分析与基金研究（I）：基于文本的基金分类,13345
基金,29,【106】基金经理特征与基金业绩,15007
基金,30,基金研究：Takeaways of BvB,12450
基金,31,【107】文本分析与基金研究（II）：学术视角下的量化基金,14803
基金,32,直击灵魂的研究：Takeaways of Ben-David,19284
基金,33,旧文新读|【092】基金规模报酬递减之争,426
基金,34,【108】基金现金管理能力：中美市场之间的差异,12905
基金,35,【110】Beyond simple fund alpha,7368
基金,36,【112】基金网络、信息利用与业绩,18837
基金,37,Update again|基金研究中的常识与趋势,1865
基金,38,【113】ETF 流动性有价值吗？,15115
基金,39,如何看待“基金赚钱、基民不赚钱”？,5888
基金,40,2024年以来推文分类目录,5710
基金,41,Rational inattention: 宏观经济学、基金经理与 AI,7553
基金,42,【119】ETF 时代主动基金的挑战,15122
基金,43,【120】为什么投资者总是在高点追逐热门主题基金？,17055
基金,44,【121】理解公募与私募基金市场的统一框架,28346
基金,45,AI 行情下的基金抱团演化：学术研究的视角,8355
基金,46,【123】海力士已经够刺激，为什么还要乘以 2？,14282
基金,47,重新理解主动基金：事实、逻辑与趋势｜《主动基金投资》序,14860
基金,48,《主动基金投资》预售开启（+第一轮送书活动）,5338
基金,49,《主动基金投资》学习导引：先建立地图，再来谈细节,2504
基金,50,【124】主动基金：看好一只股票，为什么不能多买一点？,10628
基金,51,《主动基金投资》勘误网页,792
基金,52,两个关于主动基金的问题，5 本新书，想听听你的故事,3733
基金,53,【125】你算出的基金 Alpha，当年的投资者真的看得到吗？,12618
宏观,1,真实故事| 艰难的 2019，我是如何赚到 1000 万和 200% 的,21917
宏观,2,【048】因子配置与跨资产动量？经济周期说了算,15344
宏观,3,【065】上天的黄金背后：The Golden Constant,10802
宏观,4,【089】Global Financial Cycles and Capital Flows,15347
宏观,5,【097】Not All Inflation Created Equal：通胀与资产定价,12947
宏观,6,【098】当利率不再下降，异象还成其为异象吗？,17853
机器学习,1,【041】机器学习驱动的基本面量化投资,13193
机器学习,2,【045】Which Characteristics?,11032
机器学习,3,【054】因子投资中的机器学习,24247
机器学习,4,搞事情专栏|因子投资中的无监督学习,23114
机器学习,5,【067】遗漏因子、缺失数据与多重检验,8769
机器学习,6,【070】看图识趋势,16773
机器学习,7,【075】叮！您的行业分类需要更新啦~,12846
机器学习,8,【080】内卷时代的脑洞研究：投资者情绪研究新进展,10914
机器学习,9,【081】顶刊中的 A 股市场,12563
机器学习,10,文献推荐,5402
机器学习,11,【093】机器学习与基金研究（I）：业绩预测,9349
机器学习,12,【094】基于回归斜率的因子溢价估计与因子模型,12621
机器学习,13,【095】因子动物园的另一面：如何估计异象的先验概率,7771
机器学习,14,【101】新闻叙事、文本分析与资产定价,13175
机器学习,15,"【103】Options: Factors, Models, and Factor Momentum",18491
机器学习,16,【104】文本分析与基金研究（I）：基于文本的基金分类,13351
机器学习,17,【105】因子择时到底行不行？,15068
机器学习,18,【107】文本分析与基金研究（II）：学术视角下的量化基金,14809
