分类,页面路径,正文字数,文章数
01_研究_资产定价,/research/asset-pricing,2722,123
02_研究_异象研究,/research/anomaly,1637,73
03_研究_基金研究,/research/fund,995,34
04_研究_资产配置,/research/asset-allocation,872,33
05_数据_多因子模型,/data/factor-models,269,0
06_数据_BetaPlus1000指数,/data/betaplus-1000-index,334,0
07_小册子_时间序列分析,/littlebook/time-series-analysis,26411,0
08_小册子_趋势跟踪策略,/littlebook/trend-following,25030,0
09_小册子_行为金融学,/littlebook/behavioral-finance,37054,0
10_小册子_盈利因子,/littlebook/profitability-factor,34639,9
11_书籍_主动基金投资,/active-fund-investment,573,0
12_书籍_机器学习与资产定价,/machine_learning_in_asset_pricing,677,0
13_勘误_主动基金投资,/typos3,782,0
14_勘误_因子投资,/typos,4047,0
15_勘误_机器学习与资产定价,/typos2,173,0
16_Cochrane2005,/cochrane,316,0
17_Cochrane2005_Preface,/cochrane/preface,4725,0
18_关于我们,/about,501,0
19_联系我们,/contact,142,0
