topic,file,title,chars,imgs
01_研究_资产定价,001 统一视角下的因子投资.txt,统一视角下的因子投资,10337,36
01_研究_资产定价,002 Navigating_the_Factor_Zoo.txt,Navigating the Factor Zoo,3821,7
01_研究_资产定价,003 理解资产价格.txt,理解资产价格,14893,7
01_研究_资产定价,"004 Anomalies,_Factors,_and_Multi-Factor_Models.txt","Anomalies, Factors, and Multi-Factor Models",10787,8
01_研究_资产定价,005 学术界、管理人、投资者视角下的因子投资.txt,学术界、管理人、投资者视角下的因子投资,13973,0
01_研究_资产定价,"006 Cross-section_research,_A_history.txt","Cross-section research, A history",9859,6
01_研究_资产定价,007 实证资产定价理论新进展.txt,实证资产定价理论新进展,15525,0
01_研究_资产定价,008 实证资产定价：拓展研究.txt,实证资产定价：拓展研究,823,0
01_研究_资产定价,009 数据驱动的投资思想史.txt,数据驱动的投资思想史,14520,3
01_研究_资产定价,010 资产定价中的实证挑战_(I).txt,资产定价中的实证挑战 (I),10918,13
01_研究_资产定价,011 资产定价中的实证挑战_(II).txt,资产定价中的实证挑战 (II),4981,5
01_研究_资产定价,012 资产定价中的实证挑战_(III).txt,资产定价中的实证挑战 (III),4204,2
01_研究_资产定价,013 资产定价中的实证挑战_(IV).txt,资产定价中的实证挑战 (IV),8389,3
01_研究_资产定价,014 资产定价中的实证挑战_(V).txt,资产定价中的实证挑战 (V),7394,3
01_研究_资产定价,015 机器学习与资产定价.txt,机器学习与资产定价,5348,13
01_研究_资产定价,016 因子投资的高维数时代.txt,因子投资的高维数时代,7169,11
01_研究_资产定价,017 机器学习与资产定价_Facts_and_Fictions.txt,机器学习与资产定价: Facts and Fictions,11022,12
01_研究_资产定价,018 Financial_Machine_Learning.txt,Financial Machine Learning,12163,3
01_研究_资产定价,019 The_Virtues_of_Complex_Models.txt,The Virtues of Complex Models,11362,4
01_研究_资产定价,020 Risk-Return_Tradeoffs_(I).txt,Risk-Return Tradeoffs (I),16054,6
01_研究_资产定价,021 Risk-Return_Tradeoffs_(II).txt,Risk-Return Tradeoffs (II),14534,0
01_研究_资产定价,022 PCA_的源起、中兴和未来.txt,PCA 的源起、中兴和未来,5707,2
01_研究_资产定价,023 PCA_之前.txt,PCA 之前,4591,1
01_研究_资产定价,024 多因子模型背后的资产定价理论.txt,多因子模型背后的资产定价理论,7452,7
01_研究_资产定价,025 寻找_Mean-Variance_Frontier.txt,寻找 Mean-Variance Frontier,6618,10
01_研究_资产定价,026 寻找_Mean-Variance_Frontier_(II).txt,寻找 Mean-Variance Frontier (II),6401,8
01_研究_资产定价,027 在什么情况下，因子_Span_SDF_(I).txt,在什么情况下，因子 Span SDF (I),4206,2
01_研究_资产定价,028 多因子模型的回归检验.txt,多因子模型的回归检验,14875,14
01_研究_资产定价,029 Generalized_Method_of_Moments.txt,Generalized Method of Moments,19043,14
01_研究_资产定价,030 多因子回归检验中的_Newey-West_调整.txt,多因子回归检验中的 Newey-West 调整,7463,14
01_研究_资产定价,031 检验因子模型：Alpha，GRS_与_GMM.txt,检验因子模型：Alpha，GRS 与 GMM,2795,1
01_研究_资产定价,032 直观理解_GRS_和_MV_Spanning.txt,直观理解 GRS 和 MV Spanning,8748,9
01_研究_资产定价,033 Bayesian_Two-Pass_Regression.txt,Bayesian Two-Pass Regression,4604,5
01_研究_资产定价,034 Augmented_Fama-MacBeth_Regression.txt,Augmented Fama-MacBeth Regression,4811,3
01_研究_资产定价,035 Augmented_Fama-MacBeth_Regression_(II).txt,Augmented Fama-MacBeth Regression (II),5394,4
01_研究_资产定价,036 Toward_a_better_factor_model.txt,Toward a better factor model,11085,4
01_研究_资产定价,037 Toward_a_better_factor_model_(II).txt,Toward a better factor model (II),9085,11
01_研究_资产定价,038 A_new_norm_.txt,A new norm ?,7509,19
01_研究_资产定价,039 Which_beta_.txt,Which beta ?,11833,13
01_研究_资产定价,040 Which_beta_(II)_.txt,Which beta (II) ?,12342,5
01_研究_资产定价,041 Which_beta_(III)_.txt,Which beta (III) ?,9370,8
01_研究_资产定价,042 Which_test_assets_.txt,Which test assets ?,8144,25
01_研究_资产定价,043 Which_characteristics_.txt,Which characteristics ?,4795,5
01_研究_资产定价,044 False_In-Sample_Predictability_.txt,False In-Sample Predictability ?,9188,10
01_研究_资产定价,045 Farewell，ad-hoc_多因子模型.txt,Farewell，ad-hoc 多因子模型,6010,5
01_研究_资产定价,046 利用收益率时序信息改进_SDF_估计.txt,利用收益率时序信息改进 SDF 估计,6130,9
01_研究_资产定价,047 追寻因子的足迹：分类、构造与检验.txt,追寻因子的足迹：分类、构造与检验,9298,13
01_研究_资产定价,048 因子投资中的无监督学习.txt,因子投资中的无监督学习,9752,3
01_研究_资产定价,049 所见即所得吗_.txt,所见即所得吗 ?,4484,1
01_研究_资产定价,050 基于回归斜率的因子溢价估计与因子模型.txt,基于回归斜率的因子溢价估计与因子模型,5561,5
01_研究_资产定价,051 没有_β、都是_α_.txt,没有 β、都是 α ?,4422,14
01_研究_资产定价,052 到底需要多少因子_.txt,到底需要多少因子 ?,5670,6
01_研究_资产定价,053 Portfolio_Sort_的源起、中兴和未来.txt,Portfolio Sort 的源起、中兴和未来,4772,7
01_研究_资产定价,054 从股票截面数据到股息期限结构.txt,从股票截面数据到股息期限结构,5394,5
01_研究_资产定价,055 CAPM_的一小段历史.txt,CAPM 的一小段历史,10395,9
01_研究_资产定价,056 BAB_vs_BABAB.txt,BAB vs BABAB,5800,12
01_研究_资产定价,057 低_β_在_A_股：证券市场线是平坦的吗_.txt,低 β 在 A 股：证券市场线是平坦的吗 ?,4394,10
01_研究_资产定价,058 Low_Minus_High_启示录.txt,Low Minus High 启示录,4856,7
01_研究_资产定价,059 致敬_Stephen_Ross：从_APT_到多因子模型.txt,致敬 Stephen Ross：从 APT 到多因子模型,4494,26
01_研究_资产定价,060 主流多因子模型巡礼.txt,主流多因子模型巡礼,14189,48
01_研究_资产定价,061 中国版_Fama-French_三因子模型.txt,中国版 Fama-French 三因子模型,6359,14
01_研究_资产定价,062 q-factor_model_往事.txt,q-factor model 往事,14628,22
01_研究_资产定价,063 一个加入行为因子的复合模型.txt,一个加入行为因子的复合模型,8116,14
01_研究_资产定价,064 一个混合四因子模型.txt,一个混合四因子模型,11107,15
01_研究_资产定价,065 稀疏性幻觉.txt,稀疏性幻觉,5834,6
01_研究_资产定价,066 Campbell_Harvey：”Tortured_Data”.txt,Campbell Harvey：”Tortured Data”,7980,50
01_研究_资产定价,067 多重假设检验的源起、中兴和未来.txt,多重假设检验的源起、中兴和未来,13078,8
01_研究_资产定价,068 出色不如走运_(II).txt,出色不如走运 (II),15145,15
01_研究_资产定价,069 出色不如走运_(III).txt,出色不如走运 (III),5350,4
01_研究_资产定价,070 出色不如走运_(IV).txt,出色不如走运 (IV),9379,24
01_研究_资产定价,071 出色不如走运_(V).txt,出色不如走运 (V),6699,32
01_研究_资产定价,072 出色不如走运_(VI).txt,出色不如走运 (VI),12588,8
01_研究_资产定价,073 出色不如走运_(VII).txt,出色不如走运 (VII),7229,5
01_研究_资产定价,074 出色不如走运_(VIII).txt,出色不如走运 (VIII),7656,11
01_研究_资产定价,075 出色不如走运_(终章).txt,出色不如走运 (终章),6409,6
01_研究_资产定价,076 因子动物园的另一面：如何估计异象的先验概率.txt,因子动物园的另一面：如何估计异象的先验概率,3129,0
01_研究_资产定价,077 可复制的因子研究.txt,可复制的因子研究,4744,0
01_研究_资产定价,078 遗漏因子、缺失数据与多重检验.txt,遗漏因子、缺失数据与多重检验,4106,0
01_研究_资产定价,079 常见多重假设检验方法及其实证_(I).txt,常见多重假设检验方法及其实证 (I),10123,28
01_研究_资产定价,080 Factor_War_外传.txt,Factor War 外传,9282,29
01_研究_资产定价,081 Being_Honest_with_Backtest_Reporting.txt,Being Honest with Backtest Reporting,5668,8
01_研究_资产定价,082 Missing_Financial_Data.txt,Missing Financial Data,4823,13
01_研究_资产定价,083 更有效的信息聚合方法_.txt,更有效的信息聚合方法 ?,7126,9
01_研究_资产定价,084 另类数据与分析师盈利预测.txt,另类数据与分析师盈利预测,5211,13
01_研究_资产定价,085 因子模型：不仅是资产收益的问题.txt,因子模型：不仅是资产收益的问题,5412,0
01_研究_资产定价,086 股票市场是高度竞争的吗_.txt,股票市场是高度竞争的吗 ?,5111,2
01_研究_资产定价,087 Not_All_Inflation_Created_Equal：通胀与资产定价.txt,Not All Inflation Created Equal：通胀与资产定价,5096,9
01_研究_资产定价,088 Value.txt,Value,13980,10
01_研究_资产定价,089 历史悠久的_BM_依然优异吗_.txt,历史悠久的 BM 依然优异吗 ?,4211,5
01_研究_资产定价,090 细节是魔鬼：你会如何定义_HML_.txt,细节是魔鬼：你会如何定义 HML ?,5629,7
01_研究_资产定价,091 Book-to-Market_整容记：哪家_BM_比较强_.txt,Book-to-Market 整容记：哪家 BM 比较强 ?,13268,17
01_研究_资产定价,092 价值因子已死_.txt,价值因子已死 ?,6330,33
01_研究_资产定价,093 价值因子已死_争论与启示.txt,价值因子已死 ? 争论与启示,16704,16
01_研究_资产定价,094 规模因子：消失还是周期_.txt,规模因子：消失还是周期 ?,5544,8
01_研究_资产定价,095 盈利溢价_101_(上).txt,盈利溢价 101 (上),19325,18
01_研究_资产定价,096 盈利溢价_101_(下).txt,盈利溢价 101 (下),17283,2
01_研究_资产定价,097 投资效应：Factor_War_前传.txt,投资效应：Factor War 前传,12502,2
01_研究_资产定价,098 从_Factor_Zoo_到_Factor_War，实证资产定价走向何方_.txt,从 Factor Zoo 到 Factor War，实证资产定价走向何方 ?,21264,12
01_研究_资产定价,099 盈利与投资因子：历史分野与模式转变.txt,盈利与投资因子：历史分野与模式转变,7031,10
01_研究_资产定价,100 Notes_on_盈利与投资因子.txt,Notes on 盈利与投资因子,4337,1
01_研究_资产定价,101 The_Quality_Premium.txt,The Quality Premium,11760,41
01_研究_资产定价,102 Which_score_.txt,Which score ?,127,20
01_研究_资产定价,103 质量增长：巴菲特与贵州茅台.txt,质量增长：巴菲特与贵州茅台,5780,13
01_研究_资产定价,104 Momentum.txt,Momentum,14895,8
01_研究_资产定价,105 因子动量和动量因子.txt,因子动量和动量因子,9388,16
01_研究_资产定价,106 分域研究.txt,分域研究,4934,5
01_研究_资产定价,107 强者恒强，弱者越弱：就是这么简单靠谱.txt,强者恒强，弱者越弱：就是这么简单靠谱,2969,0
01_研究_资产定价,108 动量是如何炼成的_风险溢价_or_行为偏差.txt,动量是如何炼成的 ? 风险溢价 or 行为偏差,11378,2
01_研究_资产定价,109 动量_超乎您想象.txt,动量 ? 超乎您想象,7315,1
01_研究_资产定价,110 大破动量危机：批判与拓展.txt,大破动量危机：批判与拓展,6341,2
01_研究_资产定价,111 不孤独的动量：因子拼图.txt,不孤独的动量：因子拼图,3896,2
01_研究_资产定价,112 止损的价值：对冲动量崩溃.txt,止损的价值：对冲动量崩溃,3513,5
01_研究_资产定价,113 动量新解与改进.txt,动量新解与改进,3131,0
01_研究_资产定价,114 动量_Plus（上）.txt,动量 Plus（上）,9482,8
01_研究_资产定价,115 动量_Plus（中）.txt,动量 Plus（中）,10388,22
01_研究_资产定价,116 短期反转：地表最强因子与新五因子模型.txt,短期反转：地表最强因子与新五因子模型,4779,5
01_研究_资产定价,117 Trend_Factor_in_China_：中国版定价模型.txt,Trend Factor in China ：中国版定价模型,6640,8
01_研究_资产定价,118 What_predicts_momentum_.txt,What predicts momentum ?,6925,0
01_研究_资产定价,119 Eugene_Fama_——_一段_50_年的传奇.txt,Eugene Fama —— 一段 50 年的传奇,19860,14
01_研究_资产定价,120 Q&A_with_Eugene_Fama.txt,Q&A with Eugene Fama,7947,3
01_研究_资产定价,121 Fischer_Black.txt,Fischer Black,8523,12
01_研究_资产定价,"122 Kahneman_和_Tversky,_传奇友谊和不朽发现.txt","Kahneman 和 Tversky, 传奇友谊和不朽发现",143,6
01_研究_资产定价,123 Richard_Thaler，经济学的新参者.txt,Richard Thaler，经济学的新参者,16856,6
02_研究_异象研究,124 异象样本外表现为什么变差_.txt,异象样本外表现为什么变差 ?,9365,10
02_研究_异象研究,125 风险补偿、错误定价，还是数据窥探_.txt,风险补偿、错误定价，还是数据窥探 ?,14866,19
02_研究_异象研究,126 风险补偿、错误定价，还是数据窥探_(II)_.txt,风险补偿、错误定价，还是数据窥探 (II) ?,8525,22
02_研究_异象研究,127 解释股票截面预期收益差异的独立因子.txt,解释股票截面预期收益差异的独立因子,8489,10
02_研究_异象研究,128 股票收益横截面：一部历史.txt,股票收益横截面：一部历史,6108,7
02_研究_异象研究,129 当利率不再下降，异象还是异象吗？.txt,当利率不再下降，异象还是异象吗？,8390,4
02_研究_异象研究,130 基本面量化投资.txt,基本面量化投资,10105,9
02_研究_异象研究,131 巴菲特的_α：价值投资之花.txt,巴菲特的 α：价值投资之花,3854,4
02_研究_异象研究,132 基本面动量在_A_股.txt,基本面动量在 A 股,3993,12
02_研究_异象研究,133 致敬经典：Ball_and_Brown_(1968).txt,致敬经典：Ball and Brown (1968),9507,8
02_研究_异象研究,134 PEAD_异象.txt,PEAD 异象,25575,17
02_研究_异象研究,"135 PEAD,_R.I.P._PEAD.txt_来代替.txt","PEAD, R.I.P.? PEAD.txt 来代替",7112,19
02_研究_异象研究,136 都说分红越高越好，那个男人却_say_no_!.txt,都说分红越高越好，那个男人却 say no !,5578,5
02_研究_异象研究,137 基本面加权：真的超越了价值投资吗_.txt,基本面加权：真的超越了价值投资吗 ?,5632,6
02_研究_异象研究,138 检测盈余操纵风险：数据挖掘哪家强_.txt,检测盈余操纵风险：数据挖掘哪家强 ?,4264,4
02_研究_异象研究,139 机器学习驱动的基本面量化投资.txt,机器学习驱动的基本面量化投资,831,0
02_研究_异象研究,140 不止于价格动量：基本面动量也很酷.txt,不止于价格动量：基本面动量也很酷,5500,4
02_研究_异象研究,141 p-hacked_earnings_beta.txt,p-hacked earnings beta,8860,25
02_研究_异象研究,142 寻找股票市场中的预期差.txt,寻找股票市场中的预期差,6324,11
02_研究_异象研究,143 加强版反转.txt,加强版反转,8405,15
02_研究_异象研究,144 业绩预期管理与股票收益.txt,业绩预期管理与股票收益,9268,40
02_研究_异象研究,145 错误定价，分析师建议与基金投资行为.txt,错误定价，分析师建议与基金投资行为,6697,6
02_研究_异象研究,146 关联度动量的秘密：分析师共同覆盖.txt,关联度动量的秘密：分析师共同覆盖,5881,10
02_研究_异象研究,147 喜怒不定的市场先生，您想认识吗.txt,喜怒不定的市场先生，您想认识吗,7043,3
02_研究_异象研究,148 黄金与铂金比价的低语：剥离不相关特征后的投资者情绪.txt,黄金与铂金比价的低语：剥离不相关特征后的投资者情绪,7323,5
02_研究_异象研究,149 获得诺奖的行为金融学是怎么一回事_.txt,获得诺奖的行为金融学是怎么一回事 ?,7600,0
02_研究_异象研究,150 塞勒和他的心理账户理论.txt,塞勒和他的心理账户理论,16058,5
02_研究_异象研究,151 听_Richard_Thaler_讲行为金融学的知识框架.txt,听 Richard Thaler 讲行为金融学的知识框架,14397,7
02_研究_异象研究,152 资产价格和交易量背后的行为金融学.txt,资产价格和交易量背后的行为金融学,12850,7
02_研究_异象研究,153 前景理论与股票收益_(I).txt,前景理论与股票收益 (I),10791,13
02_研究_异象研究,154 前景理论与股票收益_(II).txt,前景理论与股票收益 (II),9324,31
02_研究_异象研究,155 参考点依赖与市场异象.txt,参考点依赖与市场异象,8668,12
02_研究_异象研究,156 资产泡沫：行为金融学解释.txt,资产泡沫：行为金融学解释,7216,4
02_研究_异象研究,157 Risk_vs_Mispricing_全都要_.txt,Risk vs Mispricing: 全都要 ?,6020,4
02_研究_异象研究,158 内卷时代的脑洞研究：投资者情绪研究新进展.txt,内卷时代的脑洞研究：投资者情绪研究新进展,4616,2
02_研究_异象研究,159 顶刊中的_A_股市场.txt,顶刊中的 A 股市场,5268,1
02_研究_异象研究,160 主观宏观经济感知、财务约束和股票收益.txt,主观宏观经济感知、财务约束和股票收益,6563,6
02_研究_异象研究,161 从市场价格中提取投资者的外推信念.txt,从市场价格中提取投资者的外推信念,8132,4
02_研究_异象研究,162 另类数据的前景和陷阱.txt,另类数据的前景和陷阱,7745,10
02_研究_异象研究,163 顶刊上的另类数据与股票收益研究.txt,顶刊上的另类数据与股票收益研究,8614,8
02_研究_异象研究,164 What_is_the_expected_return_on_the_market_.txt,What is the expected return on the market ?,6568,7
02_研究_异象研究,165 获取_α_的新思路：科技关联度.txt,获取 α 的新思路：科技关联度,9508,11
02_研究_异象研究,166 科技关联度_(II).txt,科技关联度 (II),5494,5
02_研究_异象研究,167 A_股市场中的科技动量.txt,A 股市场中的科技动量,6506,15
02_研究_异象研究,168 气候，灾难与股票收益：从_512_说起.txt,气候，灾难与股票收益：从 512 说起,4661,1
02_研究_异象研究,169 乌合之众_or_群众的智慧：员工评价与股票收益.txt,乌合之众 or 群众的智慧：员工评价与股票收益,4381,7
02_研究_异象研究,170 跳大神照样发顶刊，谁让人叫_Marx.txt,跳大神照样发顶刊，谁让人叫 Marx,4068,3
02_研究_异象研究,171 外部融资越多，股票收益就越低吗_.txt,外部融资越多，股票收益就越低吗 ?,7056,1
02_研究_异象研究,172 叮！您的行业分类需要更新啦~.txt,叮！您的行业分类需要更新啦~,5129,3
02_研究_异象研究,173 基于文本的公司间关联.txt,基于文本的公司间关联,4798,0
02_研究_异象研究,174 绿色溢价与价值因子失去的_10_年.txt,绿色溢价与价值因子失去的 10 年,6178,7
02_研究_异象研究,175 Low-Risk_Anomalies.txt,Low-Risk Anomalies,21112,8
02_研究_异象研究,176 低风险异象.txt,低风险异象,2374,6
02_研究_异象研究,177 低风险异象靠谱吗？解释与批判.txt,低风险异象靠谱吗？解释与批判,13406,2
02_研究_异象研究,178 低波动异象下被忽视的金矿：高波动股票与技术分析的价值.txt,低波动异象下被忽视的金矿：高波动股票与技术分析的价值,4542,4
02_研究_异象研究,179 高风险高收益，常识_or_谎言_.txt,高风险高收益，常识 or 谎言 ?,4670,5
02_研究_异象研究,180 “茴”字有三种写法，低风险异象因子呢_.txt,“茴”字有三种写法，低风险异象因子呢 ?,7031,14
02_研究_异象研究,181 低风险异象新解：只怪你选错了基准.txt,低风险异象新解：只怪你选错了基准,5329,8
02_研究_异象研究,182 异质波动率之谜.txt,异质波动率之谜,12401,12
02_研究_异象研究,183 异质波动率能否提供增量定价信息_.txt,异质波动率能否提供增量定价信息 ?,8337,14
02_研究_异象研究,184 时序动量真的更好吗_.txt,时序动量真的更好吗 ?,6519,7
02_研究_异象研究,185 残差动量_——_有理有据还是数据挖掘_.txt,残差动量 —— 有理有据还是数据挖掘 ?,8946,15
02_研究_异象研究,186 白天不懂夜的黑：隔夜、日内收益与异象.txt,白天不懂夜的黑：隔夜、日内收益与异象,5948,11
02_研究_异象研究,187 More_on_Tail_Risk：风险越大，收益越低吗_.txt,More on Tail Risk：风险越大，收益越低吗 ?,7186,14
02_研究_异象研究,188 尾部动量：极端损失与股票表现.txt,尾部动量：极端损失与股票表现,806,0
02_研究_异象研究,189 好波动与坏波动：方差不对称性.txt,好波动与坏波动：方差不对称性,5333,14
02_研究_异象研究,190 一起下跌的_β_才是好_β_.txt,一起下跌的 β 才是好 β ?,5367,4
02_研究_异象研究,191 看图识趋势.txt,看图识趋势,6744,7
02_研究_异象研究,192 建设性“怼人”.txt,建设性“怼人”,18953,12
02_研究_异象研究,193 油价波动与股票收益.txt,油价波动与股票收益,7493,3
02_研究_异象研究,194 莫测的不确定性，却有着确定杠杠的价值.txt,莫测的不确定性，却有着确定杠杠的价值,5100,7
02_研究_异象研究,195 阿根廷的哭泣：大选、货币攻击与崩盘.txt,阿根廷的哭泣：大选、货币攻击与崩盘,3536,2
02_研究_异象研究,196 Calendar_Anomalies：糖衣下的_Multiple_Testing_.txt,Calendar Anomalies：糖衣下的 Multiple Testing ?,5577,7
03_研究_基金研究,197 基金研究：文献综述_(I).txt,基金研究：文献综述 (I),16018,4
03_研究_基金研究,198 基金研究：常识与趋势.txt,基金研究：常识与趋势,1042,0
03_研究_基金研究,199 基金研究：Takeaways_of_BvB.txt,基金研究：Takeaways of BvB,5322,0
03_研究_基金研究,200 被动的“积极投资”：ETF_视角.txt,被动的“积极投资”：ETF 视角,6452,8
03_研究_基金研究,201 园长自己关于中国基金市场的研究.txt,园长自己关于中国基金市场的研究,4317,0
03_研究_基金研究,202 基金研究中的共识和分歧.txt,基金研究中的共识和分歧,4536,0
03_研究_基金研究,203 重新理解主动基金：事实、逻辑与趋势｜《主动基金投资》序.txt,重新理解主动基金：事实、逻辑与趋势｜《主动基金投资》序,5292,0
03_研究_基金研究,204 主动基金投资研究框架.txt,主动基金投资研究框架,6713,5
03_研究_基金研究,205 业绩评估的贝叶斯模型.txt,业绩评估的贝叶斯模型,4766,2
03_研究_基金研究,206 基金经理隐形交易能力.txt,基金经理隐形交易能力,3312,15
03_研究_基金研究,207 既要募资又不泄露策略，可能实现吗_.txt,既要募资又不泄露策略，可能实现吗 ?,4271,0
03_研究_基金研究,208 FDR_保卫战.txt,FDR 保卫战,4161,1
03_研究_基金研究,209 假设不存在_α_前提下，哪些基金能获取真正_α_.txt,假设不存在 α 前提下，哪些基金能获取真正 α ?,7487,6
03_研究_基金研究,210 出色不如走运.txt,出色不如走运,5059,0
03_研究_基金研究,211 False_Discoveries_简介及公募基金中的简单应用.txt,False Discoveries 简介及公募基金中的简单应用,4558,17
03_研究_基金研究,212 欺世盗名之徒的存在价值.txt,欺世盗名之徒的存在价值,4255,0
03_研究_基金研究,213 基金业绩预测_分析与_FoF_管理.txt,基金业绩预测/分析与 FoF 管理,4318,0
03_研究_基金研究,214 机器学习与基金研究（I）：业绩预测.txt,机器学习与基金研究（I）：业绩预测,3831,0
03_研究_基金研究,215 基金星级评定、投资者反应，与风格因子.txt,基金星级评定、投资者反应，与风格因子,6140,6
03_研究_基金研究,216 _alpha_text{_or_}_beta_投资者眼中的基金业绩.txt,\alpha \text{ or } \beta: 投资者眼中的基金业绩,7103,6
03_研究_基金研究,217 基金业绩持续性_——_你以为你以为的就是你以为的_.txt,基金业绩持续性 —— 你以为你以为的就是你以为的 ?,3224,9
03_研究_基金研究,218 从因子投资看基金抱团现象.txt,从因子投资看基金抱团现象,3274,12
03_研究_基金研究,219 基金为何持有彩票股_.txt,基金为何持有彩票股 ?,4221,0
03_研究_基金研究,220 如何寻找不随波逐流且_α_能力强的基金.txt,如何寻找不随波逐流且 α 能力强的基金,2520,8
03_研究_基金研究,221 机构逆向投资、散户追涨杀跌_——_行业资金流视角.txt,机构逆向投资、散户追涨杀跌 ? —— 行业资金流视角,3599,11
03_研究_基金研究,222 抄基金作业可以随随便便成功吗_.txt,抄基金作业可以随随便便成功吗 ?,6808,6
03_研究_基金研究,223 那些奇奇怪怪的脑洞：从欧超联赛说起.txt,那些奇奇怪怪的脑洞：从欧超联赛说起,4809,3
03_研究_基金研究,224 文本分析与基金研究_(I)：基于文本的基金分类.txt,文本分析与基金研究 (I)：基于文本的基金分类,5151,5
03_研究_基金研究,225 文本分析与基金研究_(II)：学术视角下的量化基金.txt,文本分析与基金研究 (II)：学术视角下的量化基金,5688,4
03_研究_基金研究,226 基金投资者真的不“学习”吗_.txt,基金投资者真的不“学习”吗 ?,10902,9
03_研究_基金研究,227 如何看待“基金赚钱、基民不赚钱”_.txt,如何看待“基金赚钱、基民不赚钱” ?,2074,0
04_研究_资产配置,228 资产配置的源起、中兴和未来.txt,资产配置的源起、中兴和未来,6912,12
04_研究_资产配置,229 Harry_Markowitz.txt,Harry Markowitz,5212,6
04_研究_资产配置,230 浅析资产配置的几种方法.txt,浅析资产配置的几种方法,4808,5
04_研究_资产配置,231 Ledoit_and_Wolf_的协方差矩阵收缩之旅.txt,Ledoit and Wolf 的协方差矩阵收缩之旅,5508,3
04_研究_资产配置,232 当因子投资遇到资产配置.txt,当因子投资遇到资产配置,5917,14
04_研究_资产配置,233 如何分配资金_组合优化的是是非非.txt,如何分配资金 ? 组合优化的是是非非,18980,12
04_研究_资产配置,234 主动管理：从学术走向实践的因子投资方法论.txt,主动管理：从学术走向实践的因子投资方法论,4954,7
04_研究_资产配置,235 资产配置与因子配置：可以团圆吗_.txt,资产配置与因子配置：可以团圆吗 ?,5571,5
04_研究_资产配置,236 因子配置与跨资产动量_经济周期说了算.txt,因子配置与跨资产动量 ? 经济周期说了算,6582,15
04_研究_资产配置,237 Black-Litterman_模型_——_贝叶斯框架下的资产配置利器.txt,Black-Litterman 模型 —— 贝叶斯框架下的资产配置利器,6494,13
04_研究_资产配置,238 东边不亮西边亮：双动量在资产配置中的应用.txt,东边不亮西边亮：双动量在资产配置中的应用,17468,27
04_研究_资产配置,239 简单多样化，资产配置的优秀基准.txt,简单多样化，资产配置的优秀基准,9199,10
04_研究_资产配置,240 配置风险收益还是配置噪声_.txt,配置风险收益还是配置噪声 ?,5898,14
04_研究_资产配置,241 基于下行风险的投资组合管理.txt,基于下行风险的投资组合管理,7289,5
04_研究_资产配置,242 Machine_Learning_Meets_Markowitz.txt,Machine Learning Meets Markowitz,8125,2
04_研究_资产配置,243 再谈风险平价.txt,再谈风险平价,2352,1
04_研究_资产配置,244 AlphaGlass.txt,AlphaGlass,5883,4
04_研究_资产配置,245 Smart_Beta：已经发生的未来_.txt,Smart Beta：已经发生的未来 ?,5949,1
04_研究_资产配置,246 _alpha_vs_beta：你的_alpha，大家的_beta.txt,\alpha vs \beta：你的 \alpha，大家的 \beta,4136,1
04_研究_资产配置,247 混合_or_整合：因子投资与_Smart_Beta_实践.txt,混合 or 整合：因子投资与 Smart Beta 实践,5991,3
04_研究_资产配置,248 牛市因子和熊市因子.txt,牛市因子和熊市因子,4117,13
04_研究_资产配置,249 正确理解_Barra_的纯因子模型.txt,正确理解 Barra 的纯因子模型,6873,6
04_研究_资产配置,250 Barra_因子模型截面回归求解.txt,Barra 因子模型截面回归求解,6571,10
04_研究_资产配置,251 Barra_因子模型中的风险调整.txt,Barra 因子模型中的风险调整,7942,12
04_研究_资产配置,252 Barra_协方差矩阵的_Eigenfactor_调整.txt,Barra 协方差矩阵的 Eigenfactor 调整,7530,10
04_研究_资产配置,253 协方差矩阵的_Newey-West_调整.txt,协方差矩阵的 Newey-West 调整,6324,13
04_研究_资产配置,254 风险模型的边界.txt,风险模型的边界,3809,2
04_研究_资产配置,255 因子动量在_A_股.txt,因子动量在 A 股,13543,28
04_研究_资产配置,256 因子择时.txt,因子择时,2991,12
04_研究_资产配置,257 你家因子便宜吗_基于_value_spread_的因子择时研究.txt,你家因子便宜吗 ? 基于 value spread 的因子择时研究,11508,8
04_研究_资产配置,258 还在对着一阶矩做因子择时_不妨试试二阶矩.txt,还在对着一阶矩做因子择时 ? 不妨试试二阶矩,8716,13
04_研究_资产配置,259 基于_Risk_Parity_+_Black-Litterman_的因子择时.txt,基于 Risk Parity + Black-Litterman 的因子择时,6644,17
10_小册子_盈利因子,260 《Greenblatt_的神奇公式及其改进》.txt,《Greenblatt 的神奇公式及其改进》,7173,12
